"_id","firstName","lastName","email","phone","address","latitude","longitude"
"5c55d0d94af41e2156ade81c","Whitney","Love","whitneylove@myopium.com","+44 (899) 403-2424","730 Mill Lane, Dellview, Ohio, 3826","-44.24985","99.381676"
"5c55d0d904079a3873945003","Tillman","Newton","tillmannewton@myopium.com","+44 (911) 592-3309","452 Kent Street, Longbranch, District Of Columbia, 7144","-33.456878","85.773412"
"5c55d0d917d6e6cb2c82b5c6","Wall","Wyatt","wallwyatt@myopium.com","+44 (826) 413-2336","548 Seigel Street, Dawn, Palau, 8713","-57.322637","118.20028"
"5c55d0d99f31e32c667826df","Janine","Gilliam","janinegilliam@myopium.com","+44 (886) 447-2634","313 Dobbin Street, Croom, Kansas, 4403","69.015656","172.222773"
"5c55d0d9f13567e7a093ebb5","Sampson","Patel","sampsonpatel@myopium.com","+44 (973) 446-2038","177 Hendrickson Street, Brutus, Montana, 7358","-49.587489","88.527413"
"5c55d0d9a04c23128ffef6bc","Ollie","Santos","olliesantos@myopium.com","+44 (941) 461-3901","378 Hubbard Place, Crumpler, South Dakota, 8105","-67.063882","-178.420848"
"5c55d0d9eed61a9c473e417d","Rivera","Bowen","riverabowen@myopium.com","+44 (933) 543-3213","461 Battery Avenue, Esmont, Alabama, 1146","39.201381","-115.433329"
"5c55d0d9d338761075e49c4a","Whitley","Mooney","whitleymooney@myopium.com","+44 (971) 521-2969","526 Banker Street, Saddlebrooke, Washington, 900","-42.163186","-49.927023"
"5c55d0d939a8b798154aa4b8","Maxwell","Mcclure","maxwellmcclure@myopium.com","+44 (879) 572-2021","442 Bush Street, Freetown, Hawaii, 626","-66.721596","-160.211945"
"5c55d0d9d5f7c8af1d098664","Kathryn","Mcguire","kathrynmcguire@myopium.com","+44 (878) 534-3796","756 Schenck Court, Emerald, Arizona, 3511","45.655385","-79.007284"
"5c55d0d96609156dada34ba2","Brianna","Sellers","briannasellers@myopium.com","+44 (901) 413-3278","637 Bridge Street, Klondike, Wisconsin, 9033","-18.13774","23.480318"
"5c55d0d94f8948e9ffa56a7d","Allison","Harding","allisonharding@myopium.com","+44 (882) 503-2806","432 Agate Court, Comptche, American Samoa, 5753","70.009221","155.771826"
"5c55d0d9e4b6d34a697ee2e0","Fitzgerald","Mendoza","fitzgeraldmendoza@myopium.com","+44 (857) 569-3687","828 High Street, Waterloo, Connecticut, 4741","-20.280637","159.16391"
"5c55d0d9011cb61f397eccd5","Kemp","Conway","kempconway@myopium.com","+44 (981) 512-2091","463 Cozine Avenue, Beaulieu, Colorado, 3922","-75.929561","175.22552"
